{"1": 0.9152923538230885, "2": 0.5687636950755393, "3": 0.656287240994887, "4": 0.8401135970476299, "5": 0.8336754699573291, "6": 0.7968900165301966, "7": 0.7312305385768652, "8": 0.6114058355437663, "9": 0.600853419444124, "10": 0.5940491292815132, "11": 0.5585284280936453, "12": 0.5516088109791256, "13": 0.5809595202398803, "14": 0.6108292007842234, "15": 0.5977395917425902, "16": 0.574904855264675, "17": 0.4931957098373889, "18": 0.48125937031484234, "19": 0.49383000807288674, "20": 0.49832775919732447, "21": 0.4873140352900473, "22": 0.5216238034828742, "23": 0.5557029177718832, "24": 0.6773151885595662, "25": 0.7153730826894243, "26": 0.7497981778341599, "27": 0.7523930342521041, "28": 0.7565448045208163, "29": 0.760119940029985, "30": 0.7587936800830354, "31": 0.6725291200553569, "32": 0.571387383231461, "33": 0.5159727828393498, "34": 0.49982700957213705, "35": 0.4641333179564062, "36": 0.4404912928151306, "37": 0.43270672356129614, "38": 0.4716872333064237, "39": 0.5259485641794486, "40": 0.5581824472379191, "41": 0.5642947756890784, "42": 0.5953177257525082, "43": 0.6748260485142041, "44": 0.6536058893630106, "45": 0.6072444546957291, "46": 0.5668223580517433, "47": 0.5486583631261291, "48": 0.5308980125321955, "49": 0.5155595279283435, "50": 0.4768769461423136, "51": 0.5224983662015147, "52": 0.5230750009610579, "53": 0.531666858878253, "54": 0.48005804789912737, "55": 0.4511109829700533, "56": 0.445113981470803, "57": 0.38635489947334006, "58": 0.30705800945680994, "59": 0.2975435359243453, "60": 0.3140352900472839, "61": 0.2742474916387959, "62": 0.24925998539191926, "63": 0.21996693960711927, "64": 0.20139930034982506, "65": 0.21288394264406252, "66": 0.18157267520086093, "67": 0.13532656748548794, "68": 0.13769076999961558, "69": 0.12052627532387626, "70": 0.1446296082727867, "71": 0.15523968784838352, "72": 0.16391804097951024, "73": 0.19348018298543038, "74": 0.1841963633567832, "75": 0.2504036443316802, "76": 0.2507496251874061, "77": 0.25115326951908634, "78": 0.2901530004228657, "79": 0.31881174797216755, "80": 0.3146791988621075, "81": 0.36455810556260326, "82": 0.3101141736823894, "83": 0.30607773036558655, "84": 0.2813977626571329, "85": 0.292094337446661, "86": 0.27025910121862134, "87": 0.2512301541536921, "88": 0.2655595279283432, "89": 0.302464152539115, "90": 0.3472686733556296, "91": 0.4632299234997886, "92": 0.48354668819436425, "93": 0.5188367354784146, "94": 0.545073617037635, "95": 0.5168473455579903, "96": 0.5027774574251332, "97": 0.5280340598931305, "98": 0.48340252950447843, "99": 0.5126667435513009, "100": 0.5315803636643216, "101": 0.5572406104639986, "102": 0.5813439434129091, "103": 0.6811017568139006, "104": 0.6955176258024836, "105": 0.6853688540345211, "106": 0.6878099411832546, "107": 0.6544996732403028, "108": 0.629070080344443, "109": 0.6167300964902163, "110": 0.5603352170068813, "111": 0.5347902971591129, "112": 0.5388267404759157, "113": 0.508553415599892, "114": 0.5451505016722408, "115": 0.5534540422096641, "116": 0.5547226386806594, "117": 0.567696920770384, "118": 0.5527620804982123, "119": 0.5636604774535808, "120": 0.5818821358551494, "121": 0.5521277822627149, "122": 0.5478606850420944, "123": 0.5704071041402373, "124": 0.5751931726444469, "125": 0.6362011302041286, "126": 0.6460039211163647, "127": 0.620920309076231, "128": 0.6022950063429825, "129": 0.6582862414946373, "130": 0.6816976127320956, "131": 0.6654941759889286, "132": 0.6174605005189713, "133": 0.5853996078883633, "134": 0.5631991696459463, "135": 0.5603159958482296, "136": 0.5098604543881905, "137": 0.439107369392227, "138": 0.41090992965055934, "139": 0.34580786529812024, "140": 0.3116710875331563, "141": 0.30521277822627146, "142": 0.3151885595663706, "143": 0.30521277822627146, "144": 0.2828970130319455, "145": 0.25106677430515517, "146": 0.2444354745704071, "147": 0.25129742820897244, "148": 0.21589205397301353, "149": 0.20320608926306083, "150": 0.05593357167570058, "151": 0.10500518971283578, "152": 0.123515165494176, "153": 0.16226502133548615, "154": 0.14450467074155235, "155": 0.15338484603851918, "156": 0.146407565448045, "157": 0.2966209203090762, "158": 0.2611002191212087, "159": 0.2381501556913852, "160": 0.22892399953869216, "161": 0.2444931380463614, "162": 0.2598892861261677, "163": 0.24224426248414271, "164": 0.215430746165379, "165": 0.1462345750201822, "166": 0.09825856302617919, "167": 0.06014300542036671, "168": 0.03540537423595892, "169": 0.039787798408488007, "170": 0.039787798408488007, "171": 0.039787798408488007, "172": 0.039787798408488007, "173": 0.039787798408488007, "174": 0.039787798408488007, "175": 0.039787798408488007, "176": 0.039787798408488007, "177": 0.039787798408488007, "178": 0.02427632337677309, "179": 0.05166647445508012, "180": 0.07023411371237451, "181": 0.07230999884673042, "182": 0.14946372967362462, "183": 0.18112097797255194, "184": 0.18561872909698984, "185": 0.0, "186": 0.12143928035981993, "187": 0.17944873716987658, "188": 0.23941875216238018, "189": 0.2693460961826777, "190": 0.3041171721831391, "191": 0.3994348979356476, "192": 0.6307230999884671, "193": 0.5589897359012799, "194": 0.5111867143351402, "195": 0.5230077269057778, "196": 0.5252566024679968, "197": 0.5738669126974973, "198": 0.5750778456925383, "199": 0.5723099988467301, "200": 0.618325452658286, "201": 0.6950755391535002, "202": 0.7186599008188215, "203": 0.7865298120170684, "204": 0.7935647560834964, "205": 0.8075769807403987, "206": 0.8475954330527044, "207": 0.8621266289931959, "208": 0.8517472033214162, "209": 0.8704301695306192, "210": 0.8763695075539152, "211": 0.9531195940491294, "212": 1.0, "213": 0.8874408949371467, "214": 0.8874408949371467, "215": 0.8874408949371467, "216": 0.8874408949371467, "217": 0.8874408949371467, "218": 0.8874408949371467, "219": 0.8874408949371467, "220": 0.999827009572137, "221": 0.8634528889401452, "222": 0.7622534886402953, "223": 0.7092030907623111, "224": 0.687233306423711, "225": 0.6537884903701993, "226": 0.6345865528774074, "227": 0.6299158113251067, "228": 0.6526352208511129, "229": 0.7060315995848226, "230": 0.7337677315188558, "231": 0.7418406181524618, "232": 0.7700957213700838, "233": 0.759600968746396, "234": 0.7876830815361551, "235": 0.7780532810517818, "236": 0.7568331219005883, "237": 0.7532003229154652, "238": 0.8166301464652289, "239": 0.8512282320378274, "240": 0.8538807519317266, "241": 0.8323722754007611, "242": 0.8798869795871295, "243": 0.9384154076807746, "244": 0.9253257986391419, "245": 0.8679506400645832, "246": 0.8590704647676164, "247": 0.8983392918925153, "248": 0.8155345404220965, "249": 0.7491062161227074, "250": 0.7542382654826433, "251": 0.7731518855956636, "252": 0.7520470533963789, "253": 0.7630031138277018, "254": 0.7272517587360163, "255": 0.872621381616884, "256": 0.9756660131472723, "257": 0.9104486218429245, "258": 0.87123745819398, "259": 0.8867489332256946, "260": 0.8567062622534888, "261": 0.8362933917656556, "262": 0.7875677545842461, "263": 0.6902894706492905, "264": 0.6463499019720906, "265": 0.5976242647906815, "266": 0.5295236996886172, "267": 0.4608464998270095, "268": 0.42059739361088694, "269": 0.35474570407104133, "270": 0.33865759427978326, "271": 0.33802329604428544, "272": 0.37717679621727596, "273": 0.3601660708107485, "274": 0.3690462461077153, "275": 0.37619651712605223, "276": 0.3615499942336521, "277": 0.35157421289355323, "278": 0.34396263406758143, "279": 0.34148310460154546, "280": 0.375792872794372, "281": 0.39032406873486325, "282": 0.42284626917310564, "283": 0.5014992503748126, "284": 0.5253719294199054, "285": 0.4829892745934725, "286": 0.47376311844077945, "287": 0.49210010379425656, "288": 0.4889862760927228, "289": 0.42820897243685846, "290": 0.3492100103794256, "291": 0.2939684004151773, "292": 0.31622650213354864, "293": 0.28122477222926995, "294": 0.22730942221197095, "295": 0.19876600161457741, "296": 0.2409180025371931, "297": 0.2694614231345866, "298": 0.26513666243801154,