{"0": -0.09139776229858398, "1": 0.004171768203377724, "2": -0.011012408882379532, "3": -0.02476482465863228, "4": -0.029990341514348984, "5": -0.03343939781188965, "6": -0.03306884691119194, "7": -0.04528480023145676, "8": -0.02996862307190895, "9": -0.020436855033040047, "10": -0.02707926742732525, "11": -0.030212391167879105, "12": -0.03698449581861496, "13": -0.036606647074222565, "14": -0.04739498719573021, "15": -0.04526664689183235, "16": -0.03125883266329765, "17": -0.030823199078440666, "18": -0.028577521443367004, "19": -0.030226092785596848, "20": -0.03554300218820572, "21": -0.04065339267253876, "22": -0.03664842247962952, "23": -0.028415843844413757, "24": -0.03504309803247452, "25": -0.03463903069496155, "26": -0.04096518084406853, "27": -0.039231378585100174, "28": -0.0435921847820282, "29": -0.0372256301343441, "30": -0.03412862867116928, "31": -0.06008288264274597, "32": -0.04240640625357628, "33": -0.043977294117212296, "34": -0.043315641582012177, "35": -0.051790595054626465, "36": -0.0515734925866127, "37": -0.0362541489303112, "38": -0.05158787965774536, "39": -0.05027726665139198, "40": -0.05247516557574272, "41": -0.051907025277614594, "42": -0.053210578858852386, "43": -0.05879855528473854, "44": -0.0444381982088089, "45": -0.07474642246961594, "46": -0.07013630867004395, "47": -0.06918419152498245, "48": -0.06497315317392349, "49": -0.06746280193328857, "50": -0.08779117465019226, "51": -0.06665835529565811, "52": -0.07803452014923096, "53": -0.08053639531135559, "54": -0.09327049553394318, "55": -0.08078451454639435, "56": -0.08578195422887802, "57": -0.08355528861284256, "58": -0.07455039024353027, "59": -0.11376404017210007, "60": -0.10011544823646545, "61": -0.09893357753753662, "62": -0.10527102649211884, "63": -0.12621477246284485, "64": -0.09761423617601395, "65": -0.09311288595199585, "66": -0.16168595850467682, "67": -0.17000769078731537, "68": -0.2694600820541382, "69": -0.3187156617641449, "70": -0.3149574398994446, "71": -0.1275692582130432, "72": -0.23585371673107147, "73": -0.32033589482307434, "74": -0.30942654609680176, "75": -0.33150383830070496, "76": -0.33598533272743225, "77": -0.34707412123680115, "78": -0.3097163438796997, "79": -0.3520525097846985, "80": -0.35214588046073914, "81": -0.3469976782798767, "82": -0.3536887764930725, "83": -0.34933504462242126, "84": -0.35435420274734497, "85": -0.3563944697380066, "86": -0.3796420097351074, "87": -0.3617500960826874, "88": -0.36962419748306274, "89": -0.3709295392036438, "90": -0.3703448176383972, "91": -0.3608885407447815, "92": -0.3698880076408386, "93": -0.6460353136062622, "94": -0.3793964982032776, "95": -0.3949906527996063, "96": -0.4005774259567261, "97": -0.4161441922187805, "98": -0.39106065034866333, "99": -0.3775058090686798, "100": -0.43876126408576965, "101": -0.38138696551322937, "102": -0.3750099539756775, "103": -0.37664175033569336, "104": -0.4059995412826538, "105": -0.38440588116645813, "106": -0.3418682813644409, "107": -0.8868667483329773, "108": -0.38870611786842346, "109": -0.39217036962509155, "110": -0.3932124376296997, "111": -0.4060520529747009, "112": -0.40320512652397156, "113": -0.4857786297798157, "114": -0.8557597994804382, "115": -0.4135116636753082, "116": -0.39856693148612976, "117": -0.4049715995788574, "118": -0.3997461795806885, "119": -0.39734145998954773, "120": -0.3873699903488159, "121": -0.8930152654647827, "122": -0.4116581678390503, "123": -0.4121221899986267, "124": -0.42449867725372314, "125": -0.6313655376434326, "126": -0.4424896240234375, "127": -0.6207073926925659, "128": -0.9673668146133423, "129": -0.6361619234085083, "130": -0.42783796787261963, "131": -0.6022377014160156, "132": -0.8960551023483276, "133": -0.926363468170166, "134": -0.8941992521286011, "135": -0.9928863048553467, "136": -0.878526508808136, "137": -0.8200167417526245, "138": -0.8240224719047546, "139": -0.8984429836273193, "140": -0.9204897880554199, "141": -0.9433385133743286, "142": -0.9977415204048157, "143": -0.957726776599884, "144": -0.9416478872299194, "145": -0.8737692832946777, "146": -0.9202740788459778, "147": -0.9192866086959839, "148": -0.955312967300415, "149": -0.7370089888572693, "150": -0.9882384538650513, "151": -0.8247641921043396, "152": -0.9320823550224304, "153": -0.9308173656463623, "154": -0.9140746593475342, "155": -0.9339489936828613, "156": -0.9493656158447266, "157": -0.9125139713287354, "158": -0.8714843988418579, "159": -0.7344668507575989, "160": -0.8179677128791809, "161": -0.8039805889129639, "162": -0.7539095282554626, "163": -0.8698381185531616, "164": -0.4707917869091034, "165": -0.42722752690315247, "166": -0.44699162244796753, "167": -0.4981115162372589, "168": -0.42394840717315674, "169": -0.4011322259902954, "170": -0.39325374364852905, "171": -0.4190278649330139, "172": -0.3831220865249634, "173": -0.36298635601997375, "174": -0.36884188652038574, "175": -0.3532911539077759, "176": 0.058830827474594116, "177": 0.12235742807388306, "178": -0.38347333669662476, "179": -0.3475292921066284, "180": -0.31518954038619995, "181": -0.08299635350704193, "182": 0.11205442249774933, "183": 0.1696474552154541, "184": 0.14025230705738068, "185": 0.1936318576335907, "186": 0.10275877267122269, "187": 0.03459352254867554, "188": 0.132671520113945, "189": -0.30089646577835083, "190": 0.12799108028411865, "191": 0.20380549132823944, "192": -0.2802393436431885, "193": -0.07061419636011124, "194": 0.09166987240314484, "195": 0.1090497225522995, "196": 0.16118426620960236, "197": 0.15617088973522186, "198": 0.18793176114559174, "199": -0.3413563370704651, "200": -0.9419994950294495, "201": -0.9554041624069214, "202": -0.8851014375686646, "203": -0.9265165328979492, "204": -0.3887728154659271, "205": 0.1785769909620285, "206": -1.0010887384414673, "207": -1.0031073093414307, "208": -1.0031790733337402, "209": -0.9761570692062378, "210": -1.007747769355774, "211": -0.856227695941925, "212": 0.062312863767147064, "213": -0.9949698448181152, "214": -1.027610182762146, "215": -1.0229004621505737, "216": -1.045325517654419, "217": -1.048283338546753, "218": -1.0301012992858887, "219": -0.8855205774307251, "220": -1.0370047092437744, "221": -1.0239198207855225, "222": -0.9149608612060547, "223": -0.8506483435630798, "224": -0.8383247256278992, "225": -0.674129068851471, "226": 0.1482289433479309, "227": -1.0259122848510742, "228": -1.0322976112365723, "229": -1.005733609199524, "230": -0.9951854944229126, "231": -1.0147416591644287, "232": -0.3220580518245697, "233": 0.17889772355556488, "234": -1.0306535959243774, "235": -1.0574239492416382, "236": -1.0575064420700073, "237": -1.0230640172958374, "238": -0.874644935131073, "239": 0.13209399580955505, "240": 0.1862868368625641, "241": -1.045884609222412, "242": -1.07109797000885, "243": -1.081873893737793, "244": -1.043045997619629, "245": -0.9748804569244385, "246": 0.013187021017074585, "247": -1.0639526844024658, "248": 0.18859517574310303, "249": -1.0811772346496582, "250": -1.0776984691619873, "251": -1.0758968591690063, "252": -1.0095858573913574, "253": -0.9027823209762573, "254": 0.10901543498039246, "255": -0.9822684526443481, "256": -1.0340139865875244, "257": -1.0076323747634888, "258": -0.9860308170318604, "259": -0.9916290044784546, "260": -0.9121056795120239, "261": 0.03763394057750702, "262": -1.027802586555481, "263": -1.006597876548767, "264": -1.0051984786987305, "265": -1.0111578702926636, "266": -1.0194518566131592, "267": -0.9697439670562744, "268": -0.06542254984378815, "269": -1.0446562767028809, "270": -1.0487794876098633, "271": -1.0480751991271973, "272": -1.0302760601043701, "273": -1.0450985431671143, "274": -0.9963772296905518, "275": -1.0041239261627197, "276": -1.072535514831543, "277": -1.0733673572540283, "278": -1.0435559749603271, "279": -1.0400208234786987, "280": -1.0495445728302002, "281": -1.0291544198989868, "282": -0.167361319065094, "283": -1.040352702140808, "284": -1.0371423959732056, "285": -1.0201326608657837,