{"0": -0.8168987035751343, "1": -0.23415794968605042, "2": -1.211119532585144, "3": -1.2641775608062744, "4": -1.2147384881973267, "5": -0.930016040802002, "6": -1.2359793186187744, "7": -0.9470478296279907, "8": -0.25955480337142944, "9": -1.2647838592529297, "10": -1.2670836448669434, "11": -1.2548205852508545, "12": -1.2564339637756348, "13": -1.2592434883117676, "14": -1.2104898691177368, "15": -0.22970424592494965, "16": -1.2194057703018188, "17": -1.2670401334762573, "18": -1.2856688499450684, "19": -1.256509780883789, "20": -1.2260140180587769, "21": -1.218779444694519, "22": -0.2731737494468689, "23": -1.269014596939087, "24": -1.2698760032653809, "25": -1.2696194648742676, "26": -1.2419482469558716, "27": -1.2332067489624023, "28": -1.2531946897506714, "29": -1.005142331123352, "30": -1.2442264556884766, "31": -1.1753740310668945, "32": -1.241384744644165, "33": -1.208679437637329, "34": -1.2298903465270996, "35": -1.0345715284347534, "36": -0.3141832649707794, "37": -1.2451915740966797, "38": -1.1980783939361572, "39": -1.2177839279174805, "40": -1.147773265838623, "41": -1.2252720594406128, "42": -1.2183401584625244, "43": -0.2605626583099365, "44": -1.0646989345550537, "45": -0.2744458317756653, "46": -0.27448999881744385, "47": -0.2830067574977875, "48": -1.0411663055419922, "49": -1.009887933731079, "50": -0.15161827206611633, "51": -0.9063660502433777, "52": -0.27836066484451294, "53": -0.23045644164085388, "54": -0.21352651715278625, "55": -0.2819828689098358, "56": -0.2579687237739563, "57": 0.25867241621017456, "58": -0.25182417035102844, "59": 0.26309871673583984, "60": 0.2468647062778473, "61": 0.2638663649559021, "62": -0.14271318912506104, "63": 0.2608841359615326, "64": 0.2894284725189209, "65": 0.2589600682258606, "66": 0.3021654486656189, "67": 0.311468243598938, "68": 0.3183565139770508, "69": 0.3229926824569702, "70": 0.3243345618247986, "71": 0.3027750253677368, "72": 0.313554584980011, "73": 0.3497698903083801, "74": 0.3412025570869446, "75": 0.5261364579200745, "76": 0.5321268439292908, "77": 0.6130619645118713, "78": 0.3575194180011749, "79": 0.7485253810882568, "80": 0.6845970749855042, "81": 0.7624605298042297, "82": 0.7860260009765625, "83": 0.7982177734375, "84": 0.7912387251853943, "85": 0.7837921380996704, "86": 0.8330027461051941, "87": 0.8313453793525696, "88": 0.8533254861831665, "89": 0.8387000560760498, "90": 0.8415725231170654, "91": 0.8271969556808472, "92": 0.8327836990356445, "93": 0.9090129137039185, "94": 0.8657966256141663, "95": 0.8749310970306396, "96": 0.8791782259941101, "97": 0.8960809111595154, "98": 0.8719055652618408, "99": 0.8590416312217712, "100": 0.9065426588058472, "101": 0.8632597327232361, "102": 0.8673542737960815, "103": 0.8653103709220886, "104": 0.8989797830581665, "105": 0.8763055801391602, "106": 0.8287768363952637, "107": 0.973785400390625, "108": 0.8744347095489502, "109": 0.8847741484642029, "110": 0.874966561794281, "111": 0.8940000534057617, "112": 0.8865481615066528, "113": 0.9181540012359619, "114": 0.9546762108802795, "115": 0.8881745338439941, "116": 0.8892096281051636, "117": 0.8858896493911743, "118": 0.8966901302337646, "119": 0.8843257427215576, "120": 0.8657770156860352, "121": 0.9791935682296753, "122": 0.894763171672821, "123": 0.8964880108833313, "124": 0.8878998756408691, "125": 0.9140015840530396, "126": 0.90475994348526, "127": 0.9210914373397827, "128": 1.0411970615386963, "129": 0.9209761619567871, "130": 0.8864499926567078, "131": 0.9077771902084351, "132": 0.9791160821914673, "133": 1.0025931596755981, "134": 0.978607177734375, "135": 1.0679242610931396, "136": 0.9678815007209778, "137": 0.9598589539527893, "138": 0.942038893699646, "139": 0.9891133904457092, "140": 1.0022367238998413, "141": 1.0289607048034668, "142": 1.0858337879180908, "143": 1.0491437911987305, "144": 1.016836404800415, "145": 0.9717680811882019, "146": 1.0106639862060547, "147": 0.9986213445663452, "148": 1.029826283454895, "149": 0.9501774907112122, "150": 1.0770686864852905, "151": 0.96031653881073, "152": 1.0227657556533813, "153": 1.0403611660003662, "154": 1.0112311840057373, "155": 1.0352933406829834, "156": 1.0690099000930786, "157": 1.0500093698501587, "158": 1.0295534133911133, "159": 0.9966678619384766, "160": 0.9979804158210754, "161": 0.9808050990104675, "162": 1.0483241081237793, "163": 1.0873738527297974, "164": 0.948839545249939, "165": 0.9612289667129517, "166": 1.0358389616012573, "167": 1.0387920141220093, "168": 0.9275050759315491, "169": 0.8778132796287537, "170": 1.0320377349853516, "171": 0.8747023940086365, "172": 0.9178658127784729, "173": 1.018407940864563, "174": 0.964209258556366, "175": 0.9432951807975769, "176": 1.0807628631591797, "177": 1.1836566925048828, "178": 0.8569785356521606, "179": 0.8618873357772827, "180": 0.8739341497421265, "181": 0.852836549282074, "182": 0.8849655985832214, "183": 1.072242259979248, "184": 0.9089343547821045, "185": 1.2122080326080322, "186": 0.902379035949707, "187": 0.8179699182510376, "188": 0.9445087313652039, "189": 0.5512135624885559, "190": 0.6556487083435059, "191": 1.2020846605300903, "192": 0.4979584813117981, "193": 0.5158556699752808, "194": 0.559051513671875, "195": 0.6392386555671692, "196": 0.9103509783744812, "197": 0.9247738718986511, "198": 1.2169182300567627, "199": 0.3880296051502228, "200": -0.45307257771492004, "201": -0.464080810546875, "202": -0.3042377531528473, "203": -0.40801432728767395, "204": -0.09749967604875565, "205": 1.148322343826294, "206": -0.5226329565048218, "207": -0.4999895691871643, "208": -0.5106324553489685, "209": -0.5071831345558167, "210": -0.5466604828834534, "211": -0.2949213683605194, "212": 0.45853573083877563, "213": -0.5251568555831909, "214": -0.562754213809967, "215": -0.5559101104736328, "216": -0.5804507732391357, "217": -0.583753228187561, "218": -0.5850154161453247, "219": -0.3565230071544647, "220": -0.5548722147941589, "221": -0.5624545216560364, "222": -0.38376450538635254, "223": -0.3058511018753052, "224": -0.2758599519729614, "225": -0.23816919326782227, "226": 0.9176328778266907, "227": -0.5430077314376831, "228": -0.5548077821731567, "229": -0.5234992504119873, "230": -0.49871671199798584, "231": -0.5556550621986389, "232": 0.05291489511728287, "233": 1.202845573425293, "234": -0.5533041954040527, "235": -0.5845261216163635, "236": -0.5789647698402405, "237": -0.5582188367843628, "238": -0.36092689633369446, "239": 0.4824333190917969, "240": 1.2293071746826172, "241": -0.573915958404541, "242": -0.6066914200782776, "243": -0.6178085803985596, "244": -0.5828233361244202, "245": -0.5023277997970581, "246": 0.11991874873638153, "247": -0.5972291827201843, "248": 1.1133055686950684, "249": -0.6148654222488403, "250": -0.6075032949447632, "251": -0.6092319488525391, "252": -0.5274607539176941, "253": -0.39830276370048523, "254": 0.4751295745372772, "255": -0.5050613880157471, "256": -0.5742359757423401, "257": -0.5264637470245361, "258": -0.5014848113059998, "259": -0.5227223634719849, "260": -0.4309876561164856, "261": 0.18831439316272736, "262": -0.559482991695404, "263": -0.5316492915153503, "264": -0.5346405506134033, "265": -0.5228031277656555, "266": -0.5538182258605957, "267": -0.49896103143692017, "268": 0.15635205805301666, "269": -0.575688362121582, "270": -0.5891649723052979, "271": -0.5835251808166504, "272": -0.5566209554672241, "273": -0.568475604057312, "274": -0.526050329208374, "275": -0.5210514068603516, "276": -0.60683274269104, "277": -0.6042225956916809, "278": -0.5752051472663879, "279": -0.5686246752738953, "280": -0.58228600025177, "281": -0.5667165517807007, "282": 0.1444571167230606, "283": -0.5461300611495972, "284": -0.5520572066307068, "285": -0.5489106178283691, "286": -0.5515767335891724, "287": -0.5793694257736206, "288": -0.5813374519348145, "289": -0.21262794733047485, "290": -0.5975728034973145, "291": -0.5574595332145691, "292": -0.5783213973045349, "293": -0.5772170424461365, "294": -0.5902043581008911,